name,building,capacity
Lecture Hall 141,Chemistry Complex,142
Lecture Hall 53,Business Center,253
Lecture Hall 217,Data Science Institute,88
Lecture Hall 112,Engineering Center,139
1-13,Innovation Hub,40
Seminar 212,Data Science Institute,17
Lab 1F,Law School,22
Lecture Hall 111,Humanities Hall,275
Lecture Hall 48,Art & Design Studios,177
Lab 45W,Chemistry Complex,13
Studio D-13,Education Hall,17
Lab 80,Data Science Institute,14
2-19,Science Hall,20
Lecture Hall 195,Business Center,151
3-11,Education Hall,29
Lab 35,Music & Performing Arts,17
Lab 21R,Data Science Institute,20
Lab 42,Data Science Institute,13
Seminar 237,Art & Design Studios,11
6-21,Mathematics Tower,24
Seminar 552,Athletics Complex,24
Lecture Hall 136,Education Hall,115
Studio U-9,Business Center,33
4-24,Health Sciences Center,25
Studio S-3,Physics Pavilion,16
Lecture Hall 82,Chemistry Complex,282
1-25,Health Sciences Center,30
Seminar 370,Medical Research Building,14
Lecture Hall 59,Data Science Institute,254
Lab 44D,Data Science Institute,25
Seminar 101,Biology Annex,21
Studio F-17,Humanities Hall,18
5-13,Library West,22
Lecture Hall 277,Music & Performing Arts,279
Lecture Hall 166,Innovation Hub,205
Lecture Hall 186,Engineering Center,292
Lab 8,Library West,14
Lecture Hall 273,Athletics Complex,276
Lecture Hall 244,Physics Pavilion,220
Lab 68W,Biology Annex,18
Lab 40P,Data Science Institute,26
Seminar 161,Innovation Hub,13
Lecture Hall 174,Business Center,85
Studio H-19,Law School,22
Lecture Hall 31,Engineering Center,138
Lecture Hall 170,Computer Science Building,98
Lab 36Z,Innovation Hub,18
Lecture Hall 293,Data Science Institute,227
Lab 61,Athletics Complex,15
4-23,Chemistry Complex,31
Seminar 542,Health Sciences Center,21
6-07,Science Hall,19
Lab 14,Psychology Building,18
Seminar 171,Data Science Institute,16
Lab 60,Biology Annex,26
Lecture Hall 26,Data Science Institute,246
Lecture Hall 48,Data Science Institute,272
Lecture Hall 209,Business Center,204
Lab 52,Athletics Complex,24
Seminar 235,Engineering Center,24
Lab 55U,Education Hall,16
Lab 28,Mathematics Tower,22
Lecture Hall 300,Science Hall,202
Studio F-2,Innovation Hub,31
Lecture Hall 36,Computer Science Building,232
2-26,Computer Science Building,21
Lab 75,Law School,14
5-34,Health Sciences Center,28
Lab 41H,Humanities Hall,24
6-20,Physics Pavilion,32
Lecture Hall 5,Art & Design Studios,197
1-05,Medical Research Building,35
Studio J-5,Mathematics Tower,26
Lab 48,Computer Science Building,26
Lab 79,Data Science Institute,29
1-09,Library West,26
Lecture Hall 284,Chemistry Complex,119
Lab 78G,Humanities Hall,18
Studio S-9,Humanities Hall,16
4-18,Computer Science Building,19
Lab 17X,Engineering Center,17
Studio Q-18,Education Hall,15
Lecture Hall 77,Chemistry Complex,219
Lab 75,Science Hall,25
Lecture Hall 158,Physics Pavilion,173
Lab 27,Science Hall,15
Studio Q-20,Music & Performing Arts,19
Lecture Hall 91,Business Center,185
Lecture Hall 171,Engineering Center,280
6-16,Health Sciences Center,26
Lecture Hall 196,Biology Annex,89
Lab 26R,Athletics Complex,21
Lab 4,Business Center,24
Lab 9J,Art & Design Studios,28
5-22,Psychology Building,18
Lab 23V,Chemistry Complex,13
Lab 56,Chemistry Complex,24
Lab 33B,Law School,12
Studio Z-7,Innovation Hub,26
Lecture Hall 170,Health Sciences Center,239
1-20,Art & Design Studios,34
4-21,Library West,30
Studio E-7,Library West,28
6-12,Psychology Building,37
Lab 52,Law School,21
Lab 56V,Library West,26
Seminar 445,Education Hall,13
Seminar 506,Innovation Hub,24
1-19,Biology Annex,34
Lab 12H,Medical Research Building,19
Lecture Hall 13,Mathematics Tower,91
Seminar 412,Business Center,23
Seminar 312,Computer Science Building,24
Lab 50S,Law School,19
6-01,Physics Pavilion,42
Seminar 212,Chemistry Complex,12
Seminar 125,Innovation Hub,18
Lecture Hall 234,Business Center,114
5-21,Education Hall,42
6-33,Education Hall,31
Seminar 559,Data Science Institute,12
Seminar 232,Athletics Complex,22
3-34,Business Center,33
Lab 57C,Business Center,19
Lab 41,Humanities Hall,16
Lab 50,Physics Pavilion,14
Seminar 269,Health Sciences Center,18
Seminar 131,Education Hall,13
Seminar 563,Health Sciences Center,22
Lecture Hall 295,Law School,177
Lecture Hall 181,Athletics Complex,156
Seminar 375,Psychology Building,21
2-32,Data Science Institute,25
Seminar 348,Humanities Hall,10
Lab 52F,Psychology Building,16
Studio A-13,Medical Research Building,33
1-06,Law School,38
Lecture Hall 237,Health Sciences Center,126
Lab 49,Science Hall,26
Lab 49J,Art & Design Studios,20
Seminar 109,Computer Science Building,21
Lecture Hall 180,Data Science Institute,137
1-02,Computer Science Building,25
Lecture Hall 79,Mathematics Tower,141
Seminar 442,Physics Pavilion,11
Lab 60J,Law School,17
6-08,Medical Research Building,42
Lab 14,Biology Annex,21
4-26,Law School,40
Lecture Hall 125,Mathematics Tower,106
5-08,Library West,43
Lecture Hall 178,Law School,216
3-05,Health Sciences Center,34
Lecture Hall 216,Art & Design Studios,290
Lecture Hall 222,Athletics Complex,172
Lecture Hall 223,Education Hall,125
3-35,Innovation Hub,42
Seminar 323,Athletics Complex,23
Lab 42,Law School,20
Lab 60V,Education Hall,22
Seminar 535,Engineering Center,15
Seminar 208,Biology Annex,15
Lab 36W,Humanities Hall,29
Studio G-3,Engineering Center,22
Seminar 384,Health Sciences Center,22
Seminar 430,Business Center,21
Seminar 505,Athletics Complex,10
Lab 29,Computer Science Building,21
Lab 61U,Law School,25
Lab 46R,Data Science Institute,21
Lab 16G,Humanities Hall,15
Lecture Hall 99,Data Science Institute,135
Lab 76T,Athletics Complex,15
Lab 30,Mathematics Tower,21
Studio E-9,Engineering Center,16
Studio K-5,Science Hall,35
Lecture Hall 7,Athletics Complex,226
Seminar 345,Library West,17
Lecture Hall 27,Art & Design Studios,144
Lecture Hall 34,Athletics Complex,182
Lecture Hall 296,Athletics Complex,241
Lecture Hall 77,Science Hall,287
Lab 11,Law School,29
5-15,Health Sciences Center,42
Seminar 330,Innovation Hub,24
Lab 76Q,Education Hall,30
Lecture Hall 51,Medical Research Building,275
2-17,Mathematics Tower,39
Lecture Hall 123,Computer Science Building,124
Lecture Hall 81,Data Science Institute,80
Seminar 452,Health Sciences Center,19
Lab 5H,Athletics Complex,21
Lecture Hall 120,Education Hall,147
2-28,Law School,21
Lab 20,Data Science Institute,14
Lecture Hall 158,Science Hall,232
Lab 57D,Law School,21
Lab 65U,Psychology Building,26
1-28,Computer Science Building,41
3-02,Art & Design Studios,20
5-02,Business Center,42
1-12,Humanities Hall,33
4-18,Innovation Hub,23
Seminar 425,Law School,23
Lecture Hall 241,Athletics Complex,169
Lab 42,Health Sciences Center,17
Seminar 455,Art & Design Studios,17
4-03,Library West,32
Lab 33,Computer Science Building,24
Lecture Hall 278,Innovation Hub,198
Lecture Hall 97,Health Sciences Center,212
4-29,Music & Performing Arts,42
Lab 35,Science Hall,21
Seminar 162,Education Hall,10
Lab 21,Medical Research Building,29
Lecture Hall 116,Health Sciences Center,295
Seminar 584,Chemistry Complex,11
Seminar 577,Physics Pavilion,21
Studio J-14,Library West,30
Lab 59,Athletics Complex,24
5-09,Mathematics Tower,45
Lab 54M,Computer Science Building,12
Lab 76V,Library West,16
Studio S-12,Education Hall,25
Studio P-15,Data Science Institute,25
Lab 74,Mathematics Tower,25
Lab 61P,Science Hall,16
Lecture Hall 65,Athletics Complex,208
Lab 13,Law School,28
Lecture Hall 74,Education Hall,184
Lecture Hall 241,Physics Pavilion,280
Lab 80,Humanities Hall,22
Seminar 588,Data Science Institute,15
Studio B-20,Athletics Complex,17
6-19,Business Center,25
Seminar 150,Computer Science Building,22
Seminar 185,Chemistry Complex,21
Lecture Hall 24,Library West,163
Lab 46N,Science Hall,16
Studio Q-19,Business Center,20
Lecture Hall 41,Biology Annex,236
6-16,Psychology Building,33
Lecture Hall 119,Law School,198
Seminar 230,Humanities Hall,20
Seminar 561,Engineering Center,14
Lecture Hall 38,Data Science Institute,193
3-28,Music & Performing Arts,40
Seminar 532,Humanities Hall,14
Seminar 536,Mathematics Tower,17
Lab 49V,Chemistry Complex,30
Lab 3Z,Library West,20
6-04,Engineering Center,37
Lab 30W,Athletics Complex,19
3-09,Mathematics Tower,38
6-03,Chemistry Complex,27
Lecture Hall 297,Education Hall,173
Lecture Hall 152,Physics Pavilion,163
Lecture Hall 103,Health Sciences Center,113
Lab 68T,Data Science Institute,17
Seminar 595,Humanities Hall,22
Lab 15,Library West,16
6-26,Business Center,45
Lab 12,Data Science Institute,20
Lecture Hall 233,Data Science Institute,174
4-24,Humanities Hall,21
Seminar 112,Business Center,19
4-20,Data Science Institute,38
Lecture Hall 72,Health Sciences Center,91
Lab 64,Science Hall,19
Lecture Hall 199,Data Science Institute,196
6-35,Music & Performing Arts,31
Lecture Hall 213,Law School,247
Seminar 415,Chemistry Complex,16
Lecture Hall 190,Humanities Hall,135
Seminar 586,Education Hall,13
Lecture Hall 189,Music & Performing Arts,219
Lecture Hall 204,Music & Performing Arts,150
Lecture Hall 233,Mathematics Tower,103
6-02,Mathematics Tower,19
Lab 17,Art & Design Studios,14
Lab 76,Data Science Institute,22
1-18,Physics Pavilion,45
Lecture Hall 277,Physics Pavilion,144
Lecture Hall 14,Biology Annex,113
Lab 31V,Engineering Center,12
Lab 7E,Biology Annex,28
Lecture Hall 244,Chemistry Complex,194
Studio V-4,Music & Performing Arts,29
Lab 79B,Innovation Hub,26
Lecture Hall 246,Engineering Center,296
Seminar 451,Psychology Building,11
Seminar 137,Athletics Complex,24
Lab 78,Computer Science Building,16
6-21,Humanities Hall,30
Studio K-15,Medical Research Building,31
Seminar 150,Medical Research Building,22
6-14,Chemistry Complex,31
Lab 53M,Education Hall,24
Lecture Hall 161,Health Sciences Center,189
3-24,Art & Design Studios,22
Lecture Hall 47,Athletics Complex,292
Lecture Hall 222,Computer Science Building,104
Lecture Hall 285,Music & Performing Arts,95
Studio U-11,Law School,18
Lab 55B,Health Sciences Center,21
Lecture Hall 296,Music & Performing Arts,209
Lecture Hall 247,Mathematics Tower,137
Lab 72,Chemistry Complex,20
Lab 55,Law School,20
Lecture Hall 140,Engineering Center,259
Lab 45,Library West,16
4-05,Law School,22
Lecture Hall 272,Engineering Center,135
Seminar 332,Psychology Building,15
Lab 40,Biology Annex,13
Lecture Hall 26,Physics Pavilion,252
Lab 57Z,Computer Science Building,27
Seminar 312,Medical Research Building,14
Studio D-12,Mathematics Tower,28
Lab 76S,Chemistry Complex,13
Seminar 406,Business Center,10
Lab 39,Engineering Center,20
Lab 16A,Library West,25
Lecture Hall 195,Biology Annex,216
Studio U-12,Business Center,17
Lecture Hall 224,Psychology Building,84
Lecture Hall 161,Education Hall,227
4-27,Health Sciences Center,27
Seminar 110,Chemistry Complex,15
4-24,Biology Annex,20
Lecture Hall 125,Health Sciences Center,191
Seminar 368,Law School,11
Lab 44H,Psychology Building,17
Studio X-4,Computer Science Building,31
Lab 45,Innovation Hub,19
Lecture Hall 132,Chemistry Complex,130
2-05,Biology Annex,23
Seminar 486,Athletics Complex,19
Seminar 448,Law School,24
6-21,Law School,45
Lecture Hall 226,Art & Design Studios,97
Seminar 423,Athletics Complex,14
1-23,Humanities Hall,34
Lab 60,Computer Science Building,13
Lab 10,Music & Performing Arts,28
Seminar 397,Psychology Building,18
Seminar 565,Science Hall,22
2-21,Law School,37
Studio E-2,Athletics Complex,29
Lab 11,Chemistry Complex,13
Seminar 324,Business Center,18
2-24,Innovation Hub,29
Seminar 309,Library West,22
5-04,Art & Design Studios,43
Lecture Hall 169,Art & Design Studios,104
4-19,Data Science Institute,26
Lecture Hall 171,Medical Research Building,100
2-23,Law School,27
Lecture Hall 44,Psychology Building,159
Seminar 429,Data Science Institute,22
Lecture Hall 270,Art & Design Studios,103
Studio N-1,Health Sciences Center,26
Lecture Hall 110,Library West,167
Lab 29,Athletics Complex,14
Lecture Hall 260,Library West,277
Studio B-11,Data Science Institute,34
4-10,Physics Pavilion,23
2-29,Biology Annex,19
Lab 31R,Health Sciences Center,26
Studio H-10,Business Center,30
Lab 74R,Mathematics Tower,21
Studio T-14,Psychology Building,20
Lab 71,Mathematics Tower,21
Lecture Hall 140,Computer Science Building,195
Lecture Hall 224,Innovation Hub,103
Seminar 552,Business Center,15
Seminar 127,Engineering Center,16
Lab 31,Innovation Hub,23
Lecture Hall 164,Business Center,105
Lecture Hall 71,Art & Design Studios,89
Seminar 456,Library West,23
Seminar 329,Physics Pavilion,19
Lecture Hall 10,Engineering Center,145
Lecture Hall 281,Mathematics Tower,266
Studio Q-4,Medical Research Building,24
Lab 16,Business Center,25
Seminar 132,Medical Research Building,11
5-02,Athletics Complex,38
2-10,Innovation Hub,27
Lecture Hall 181,Health Sciences Center,141
Seminar 195,Law School,20
Studio N-3,Computer Science Building,31
Studio T-18,Data Science Institute,15
Seminar 122,Psychology Building,20
Lab 33A,Psychology Building,14
Lab 14V,Music & Performing Arts,16
Lab 70,Science Hall,26
2-09,Athletics Complex,20
Lecture Hall 151,Education Hall,131
Lab 6M,Science Hall,28
Studio S-9,Psychology Building,16
Lab 46B,Mathematics Tower,20
Lab 56P,Chemistry Complex,24
Lecture Hall 255,Art & Design Studios,257
Lab 67,Athletics Complex,25
Seminar 408,Computer Science Building,23
Studio K-11,Biology Annex,18
Lab 38K,Computer Science Building,25
Seminar 279,Biology Annex,17
Lab 79Q,Science Hall,13
6-26,Computer Science Building,29
2-02,Innovation Hub,22
4-03,Medical Research Building,22
Lab 47N,Computer Science Building,30
2-29,Science Hall,29
Seminar 490,Music & Performing Arts,11
Lecture Hall 272,Law School,173
Lab 36,Psychology Building,12
Seminar 365,Biology Annex,16
Lecture Hall 135,Data Science Institute,278
Seminar 209,Humanities Hall,19
Seminar 202,Library West,11
Lecture Hall 232,Physics Pavilion,124
Lecture Hall 164,Education Hall,250
Lecture Hall 282,Music & Performing Arts,218
Lab 21,Library West,23
Lab 16,Innovation Hub,19
Lecture Hall 185,Athletics Complex,221
Lab 60,Law School,14
Lab 51S,Computer Science Building,25
Lecture Hall 65,Law School,161
Seminar 338,Computer Science Building,20
Lab 17,Innovation Hub,16
Studio B-4,Health Sciences Center,31
Lab 22F,Physics Pavilion,19
Studio K-3,Music & Performing Arts,23
5-18,Mathematics Tower,22
5-06,Library West,34
5-10,Biology Annex,23
3-03,Medical Research Building,44
Lecture Hall 24,Engineering Center,244
Lab 27V,Law School,12
5-19,Athletics Complex,38
Seminar 225,Library West,22
Lab 59,Psychology Building,17
Seminar 347,Education Hall,17
Lab 78E,Mathematics Tower,22
Seminar 166,Music & Performing Arts,22
Studio U-4,Music & Performing Arts,25
Seminar 162,Business Center,14
Lab 19,Education Hall,21
4-16,Psychology Building,45
Lab 74,Biology Annex,17
Studio R-16,Athletics Complex,24
Seminar 358,Athletics Complex,17
Lab 75,Business Center,13
Seminar 405,Library West,24
Lab 69,Athletics Complex,25
Lab 47P,Physics Pavilion,13
Lecture Hall 292,Psychology Building,223
Seminar 358,Mathematics Tower,17
Lecture Hall 50,Data Science Institute,180
Lab 72,Music & Performing Arts,18
Studio P-17,Medical Research Building,16
Lecture Hall 71,Science Hall,262
Seminar 365,Art & Design Studios,17
5-09,Physics Pavilion,28
Lab 21P,Medical Research Building,30
Studio T-18,Art & Design Studios,30
Lab 61A,Law School,22
Seminar 398,Chemistry Complex,14
4-17,Engineering Center,38
2-04,Law School,36
Lecture Hall 269,Athletics Complex,241
Seminar 175,Medical Research Building,23
Lecture Hall 294,Business Center,259
Lab 3R,Chemistry Complex,25
Seminar 453,Physics Pavilion,13
Studio W-16,Health Sciences Center,16
Studio G-18,Physics Pavilion,25
Studio P-11,Athletics Complex,20
Studio M-18,Education Hall,26
4-13,Humanities Hall,25
Studio K-8,Humanities Hall,24
Lab 63M,Library West,23
Lab 37D,Data Science Institute,24
Lecture Hall 149,Music & Performing Arts,90
Lecture Hall 178,Library West,193
Lab 69J,Humanities Hall,16
6-16,Chemistry Complex,25
5-15,Science Hall,38
Lecture Hall 52,Business Center,185
Seminar 151,Art & Design Studios,20
Lecture Hall 282,Physics Pavilion,120
4-31,Health Sciences Center,38
Lab 42,Mathematics Tower,14
Lab 69,Law School,25
Lecture Hall 204,Biology Annex,281
Lecture Hall 149,Athletics Complex,89
Lab 73,Engineering Center,22
Seminar 428,Library West,18
Seminar 555,Innovation Hub,12
Seminar 239,Innovation Hub,13
Lab 21R,Chemistry Complex,17
Lab 38,Engineering Center,17
4-28,Medical Research Building,34
Lecture Hall 206,Art & Design Studios,251
Lecture Hall 72,Chemistry Complex,202
Lab 1J,Art & Design Studios,19
Lab 43,Education Hall,20
Lab 8,Music & Performing Arts,26
Lecture Hall 208,Library West,255
Lab 16X,Innovation Hub,23
Lab 29E,Medical Research Building,16
3-27,Education Hall,40
Seminar 487,Data Science Institute,18
Lab 77C,Mathematics Tower,28
Lecture Hall 289,Music & Performing Arts,108
Studio T-7,Science Hall,33
Lecture Hall 85,Data Science Institute,163
Seminar 159,Innovation Hub,20
4-06,Mathematics Tower,34
Lecture Hall 233,Education Hall,113
Seminar 333,Innovation Hub,19
Studio R-10,Science Hall,15
Lab 1,Psychology Building,13
Lab 9,Health Sciences Center,14
Lecture Hall 147,Athletics Complex,184
Lecture Hall 216,Biology Annex,175
Seminar 545,Psychology Building,24
Seminar 141,Psychology Building,20
Lecture Hall 179,Data Science Institute,110
Studio P-17,Biology Annex,19
Lecture Hall 12,Business Center,156
6-35,Education Hall,31
Seminar 521,Data Science Institute,13
Seminar 277,Business Center,12
Lab 15B,Humanities Hall,12
Lab 9,Business Center,26
6-04,Medical Research Building,25
Seminar 324,Science Hall,13
Lab 8E,Data Science Institute,19
Lab 74W,Law School,19
Lecture Hall 267,Library West,136
Lab 36,Health Sciences Center,25
Seminar 124,Data Science Institute,15
Studio M-14,Psychology Building,28
Lab 49F,Physics Pavilion,19
Lab 19,Business Center,29
Seminar 385,Health Sciences Center,18
Seminar 224,Physics Pavilion,14
Lab 11R,Mathematics Tower,14
Lab 7J,Data Science Institute,13
Lab 76,Computer Science Building,27
Lab 39,Mathematics Tower,18
Seminar 568,Chemistry Complex,13
Lab 51H,Medical Research Building,21
Seminar 373,Psychology Building,20
Lab 34N,Music & Performing Arts,26
Seminar 489,Chemistry Complex,23
Lab 48M,Art & Design Studios,13
Lab 19A,Law School,29
6-27,Law School,27
Lab 43H,Physics Pavilion,30
Seminar 381,Business Center,20
Lab 63X,Art & Design Studios,26
Lab 22E,Biology Annex,17
1-34,Data Science Institute,19
1-01,Computer Science Building,31
2-05,Physics Pavilion,40
Lecture Hall 112,Physics Pavilion,209
Lab 8W,Education Hall,27
Lecture Hall 273,Engineering Center,221
Lecture Hall 9,Health Sciences Center,215
Studio K-1,Humanities Hall,31
Lecture Hall 55,Health Sciences Center,104
Lecture Hall 124,Innovation Hub,129
Studio J-12,Medical Research Building,23
Lecture Hall 192,Psychology Building,183
2-15,Education Hall,27
6-03,Computer Science Building,20
Seminar 293,Psychology Building,18
Lecture Hall 5,Athletics Complex,259
Lecture Hall 256,Biology Annex,296
3-07,Health Sciences Center,34
Lab 28V,Science Hall,20
Lecture Hall 144,Science Hall,219
1-12,Law School,45
Lecture Hall 107,Art & Design Studios,230
Seminar 575,Physics Pavilion,11
Lecture Hall 289,Library West,141
Seminar 446,Law School,24
Lab 50,Data Science Institute,28
Lecture Hall 51,Music & Performing Arts,191
Lecture Hall 175,Business Center,234
4-21,Medical Research Building,18
Seminar 351,Humanities Hall,13
Studio P-14,Music & Performing Arts,20
4-06,Law School,42
Lab 32,Medical Research Building,20
Seminar 464,Physics Pavilion,22
Seminar 262,Physics Pavilion,15
Lecture Hall 3,Chemistry Complex,158
Lab 35,Education Hall,14
Seminar 329,Biology Annex,18
Studio Q-4,Data Science Institute,15
Lab 71C,Computer Science Building,24
Lab 53,Engineering Center,29
5-11,Business Center,39
Lecture Hall 72,Psychology Building,148
Lab 64,Library West,17
Lab 54K,Health Sciences Center,14
Lab 32X,Music & Performing Arts,18
Lecture Hall 70,Education Hall,157
Seminar 270,Engineering Center,23
Seminar 511,Medical Research Building,23
Seminar 271,Art & Design Studios,16
Lecture Hall 154,Medical Research Building,162
Lab 62,Medical Research Building,24
Lab 63,Art & Design Studios,22
Lab 51,Psychology Building,30
5-12,Mathematics Tower,39
Lecture Hall 237,Data Science Institute,261
Seminar 508,Mathematics Tower,14
Seminar 444,Computer Science Building,17
3-16,Physics Pavilion,26
Seminar 504,Physics Pavilion,16
Seminar 406,Computer Science Building,17
Seminar 373,Law School,18
Studio B-12,Health Sciences Center,32
1-07,Medical Research Building,42
6-23,Business Center,23
Lecture Hall 289,Medical Research Building,245
Lab 56,Psychology Building,15
Lab 66,Humanities Hall,26
Seminar 337,Music & Performing Arts,22
Studio E-12,Law School,15
Lecture Hall 152,Athletics Complex,186
Lecture Hall 73,Computer Science Building,169
Lab 59G,Library West,23
Lecture Hall 225,Athletics Complex,264
Lab 9,Education Hall,15
Lab 14,Engineering Center,19
Lecture Hall 283,Innovation Hub,120
Studio Q-15,Art & Design Studios,22
2-12,Psychology Building,38
Seminar 114,Health Sciences Center,21
Lab 58V,Medical Research Building,24
Lab 27,Engineering Center,30
Studio F-12,Chemistry Complex,25
Seminar 158,Mathematics Tower,14
Studio X-11,Athletics Complex,34
4-08,Psychology Building,29
Seminar 416,Music & Performing Arts,12
2-21,Library West,21
Lab 15F,Business Center,16
Seminar 314,Innovation Hub,19
4-28,Physics Pavilion,23
5-12,Athletics Complex,35
Seminar 247,Biology Annex,12
Lab 58,Biology Annex,23
Seminar 169,Engineering Center,13
Studio T-16,Psychology Building,28
Seminar 463,Athletics Complex,23
Seminar 185,Education Hall,11
Lecture Hall 113,Law School,154
Lab 29U,Science Hall,17
6-32,Education Hall,35
Lecture Hall 294,Innovation Hub,109
Studio N-18,Humanities Hall,16
Studio G-14,Education Hall,18
Lab 5R,Business Center,23
Seminar 543,Computer Science Building,11
Lab 76N,Business Center,17
Lecture Hall 106,Medical Research Building,288
Lecture Hall 292,Mathematics Tower,169
Lab 77,Data Science Institute,22
Lab 74,Library West,16
Lecture Hall 142,Health Sciences Center,247
Lecture Hall 128,Physics Pavilion,117
Lab 51,Art & Design Studios,30
4-25,Humanities Hall,32
1-26,Computer Science Building,34
Lab 59S,Humanities Hall,30
Lecture Hall 235,Engineering Center,242
Lecture Hall 274,Music & Performing Arts,181
Seminar 522,Mathematics Tower,13
Lab 42K,Athletics Complex,29
Lecture Hall 290,Law School,298
Lab 7,Athletics Complex,26
Lecture Hall 81,Engineering Center,192
Lecture Hall 220,Education Hall,131
3-11,Physics Pavilion,45
Lecture Hall 185,Humanities Hall,144
Lab 22B,Computer Science Building,21
Seminar 435,Business Center,11
Lecture Hall 110,Chemistry Complex,202
Lecture Hall 116,Computer Science Building,212
Lecture Hall 5,Education Hall,258
Lecture Hall 217,Art & Design Studios,257
Seminar 136,Physics Pavilion,13
Lecture Hall 53,Psychology Building,106
Lab 39E,Art & Design Studios,16
Lecture Hall 272,Physics Pavilion,224
6-11,Engineering Center,32
Lab 20Q,Music & Performing Arts,18
Lecture Hall 72,Computer Science Building,272
6-25,Chemistry Complex,29
Lab 18H,Health Sciences Center,14
Studio W-20,Business Center,34
Lecture Hall 155,Library West,132
5-13,Innovation Hub,41
Lab 7H,Psychology Building,24
Lab 64,Chemistry Complex,28
Lab 41E,Engineering Center,30
Lab 70,Health Sciences Center,27
Lecture Hall 35,Computer Science Building,83
Lab 6B,Humanities Hall,28
6-33,Library West,42
Seminar 459,Health Sciences Center,16
5-35,Computer Science Building,37
Lab 11,Physics Pavilion,28
Lecture Hall 275,Mathematics Tower,163
6-05,Psychology Building,27
Lab 8,Health Sciences Center,25
Seminar 413,Chemistry Complex,19
Lab 23,Science Hall,16
Lecture Hall 255,Engineering Center,168
Studio J-6,Innovation Hub,26
Lab 16A,Physics Pavilion,25
Studio C-9,Humanities Hall,33
Seminar 333,Computer Science Building,18
Lecture Hall 256,Music & Performing Arts,299
Lecture Hall 189,Law School,120
Lecture Hall 294,Humanities Hall,252
Lab 66,Chemistry Complex,12
Lecture Hall 242,Business Center,173
Lecture Hall 92,Psychology Building,299
Studio X-14,Science Hall,22
Lab 54M,Art & Design Studios,14
Lab 16,Law School,17
Studio B-13,Business Center,17
Lab 40,Education Hall,29
Lecture Hall 189,Education Hall,131
3-16,Library West,32
4-13,Music & Performing Arts,41
Lab 20A,Data Science Institute,12
Studio N-1,Business Center,25
4-20,Engineering Center,21
Studio H-14,Mathematics Tower,30
Lecture Hall 23,Science Hall,139
Seminar 458,Innovation Hub,24
Seminar 598,Music & Performing Arts,21
1-33,Computer Science Building,22
Lecture Hall 291,Psychology Building,95
2-16,Health Sciences Center,27
Lab 51M,Humanities Hall,26
Lab 10,Humanities Hall,30
Lecture Hall 55,Chemistry Complex,122
Seminar 260,Education Hall,16
Studio N-7,Chemistry Complex,29
Seminar 235,Library West,23
Lecture Hall 81,Chemistry Complex,286
1-14,Library West,44
Lecture Hall 47,Art & Design Studios,262
Lab 51,Business Center,21
Lecture Hall 16,Humanities Hall,183
Studio U-8,Education Hall,18
Lecture Hall 72,Education Hall,111
Lecture Hall 114,Engineering Center,113
Seminar 290,Mathematics Tower,20
5-17,Computer Science Building,44
Lecture Hall 34,Computer Science Building,130
Lecture Hall 48,Education Hall,296
Lecture Hall 22,Art & Design Studios,198
Lecture Hall 294,Science Hall,190
Seminar 115,Psychology Building,16
Lecture Hall 182,Health Sciences Center,134
Lab 36,Biology Annex,13
5-16,Medical Research Building,38
Seminar 310,Library West,24
Seminar 131,Data Science Institute,11
Seminar 170,Humanities Hall,16
5-16,Mathematics Tower,38
Lecture Hall 196,Data Science Institute,280
Seminar 378,Music & Performing Arts,22
Lab 73T,Athletics Complex,24
Lecture Hall 14,Humanities Hall,161
Lab 4,Medical Research Building,27
Lab 75,Innovation Hub,15
2-18,Business Center,35
Lab 74P,Science Hall,17
Lab 76M,Biology Annex,30
2-32,Engineering Center,35
Lecture Hall 252,Library West,89
Lecture Hall 120,Computer Science Building,234
Lecture Hall 270,Business Center,202
Lab 79,Engineering Center,22
Lab 8,Biology Annex,30
Lecture Hall 270,Physics Pavilion,300
Lecture Hall 192,Music & Performing Arts,260
1-22,Psychology Building,27
Lecture Hall 81,Art & Design Studios,267
4-21,Health Sciences Center,23
3-15,Data Science Institute,39
Lecture Hall 194,Law School,158
Lecture Hall 91,Library West,266
4-03,Engineering Center,23
Lab 79,Medical Research Building,27
Lab 10H,Physics Pavilion,22
1-22,Biology Annex,32
Lab 33,Engineering Center,13
Seminar 475,Psychology Building,16
Seminar 352,Biology Annex,24
Lab 70,Psychology Building,27
6-15,Law School,23
Lecture Hall 18,Education Hall,155
Lab 34,Engineering Center,22
Seminar 182,Biology Annex,21
Studio C-11,Computer Science Building,34
Seminar 460,Medical Research Building,10
2-28,Health Sciences Center,23
Lecture Hall 170,Science Hall,132
Seminar 456,Mathematics Tower,18
Lab 37,Data Science Institute,15
Seminar 392,Science Hall,18
Lecture Hall 28,Athletics Complex,172
Seminar 144,Engineering Center,14
Seminar 202,Medical Research Building,11
Lab 22X,Engineering Center,14
Lecture Hall 158,Athletics Complex,280
Seminar 350,Psychology Building,24
Lecture Hall 279,Humanities Hall,179
Lab 49,Biology Annex,26
Lab 57R,Science Hall,19
1-10,Humanities Hall,42
Lecture Hall 177,Chemistry Complex,286
Seminar 597,Data Science Institute,22
Lab 71B,Law School,28
Studio Z-16,Health Sciences Center,33
Seminar 253,Business Center,11
Lecture Hall 258,Psychology Building,226
6-10,Innovation Hub,21
Lecture Hall 86,Education Hall,134
Lecture Hall 22,Mathematics Tower,188
4-13,Computer Science Building,44
3-21,Physics Pavilion,41
Lecture Hall 199,Computer Science Building,222
Studio M-9,Psychology Building,31
Lecture Hall 268,Education Hall,280
Lecture Hall 213,Health Sciences Center,118
5-07,Physics Pavilion,21
Lecture Hall 147,Law School,217
Seminar 235,Music & Performing Arts,16
5-31,Athletics Complex,19
Lab 52E,Biology Annex,13
Lab 31B,Psychology Building,20
Lecture Hall 173,Music & Performing Arts,289
Lab 36,Library West,19
Lab 57M,Physics Pavilion,25
1-13,Medical Research Building,32
Seminar 479,Mathematics Tower,17
Lab 8,Innovation Hub,14
Studio P-5,Library West,31
Lecture Hall 89,Law School,129
Lecture Hall 128,Mathematics Tower,88
Lecture Hall 185,Education Hall,260
Lab 48R,Mathematics Tower,15
Lab 48S,Engineering Center,17
5-23,Athletics Complex,29
Lab 12,Biology Annex,24
Lecture Hall 293,Science Hall,279
Lab 29,Mathematics Tower,20
Studio A-1,Health Sciences Center,30
2-01,Physics Pavilion,25
3-18,Humanities Hall,31
Seminar 254,Psychology Building,20
4-07,Innovation Hub,18
3-19,Innovation Hub,27
Seminar 132,Chemistry Complex,15
Lab 39,Humanities Hall,28
Lecture Hall 207,Business Center,249
2-02,Art & Design Studios,38
Lab 34Q,Athletics Complex,24
6-13,Science Hall,28
5-31,Business Center,39
Studio K-6,Music & Performing Arts,32
Lab 13,Biology Annex,20
Lecture Hall 172,Data Science Institute,247
Lab 46H,Computer Science Building,25
Lab 34V,Art & Design Studios,26
Seminar 127,Chemistry Complex,23
5-05,Law School,33
Studio D-13,Mathematics Tower,31
Seminar 127,Library West,23
Lecture Hall 103,Physics Pavilion,167
4-10,Health Sciences Center,28
Lecture Hall 250,Biology Annex,165
Lab 8A,Biology Annex,20
Lecture Hall 296,Mathematics Tower,275
Seminar 502,Biology Annex,22
Lecture Hall 223,Computer Science Building,242
Seminar 319,Health Sciences Center,17
Lecture Hall 20,Psychology Building,216
Lab 2,Mathematics Tower,12
6-16,Engineering Center,25
Lab 17D,Music & Performing Arts,28
Lab 22,Law School,21
Seminar 472,Library West,18
Studio M-14,Medical Research Building,19
Seminar 283,Art & Design Studios,22
Lecture Hall 207,Mathematics Tower,84
Lab 17,Business Center,30
Lecture Hall 64,Innovation Hub,173
Seminar 548,Science Hall,20
Studio W-2,Humanities Hall,34
1-02,Science Hall,19
Seminar 327,Chemistry Complex,16
Studio J-16,Chemistry Complex,19
6-01,Mathematics Tower,27
1-34,Health Sciences Center,26
6-09,Medical Research Building,31
Studio W-4,Chemistry Complex,24
Lecture Hall 255,Chemistry Complex,130
Lab 34,Medical Research Building,23
Lab 21B,Health Sciences Center,18
Lab 31,Athletics Complex,14
6-32,Chemistry Complex,22
Studio C-4,Computer Science Building,23
Seminar 251,Business Center,14
Lecture Hall 52,Education Hall,288
Lecture Hall 149,Biology Annex,172
Seminar 478,Art & Design Studios,11
Lecture Hall 5,Chemistry Complex,298
6-11,Physics Pavilion,28
Seminar 589,Music & Performing Arts,19
Lecture Hall 191,Humanities Hall,288
Lecture Hall 59,Art & Design Studios,182
Seminar 239,Psychology Building,23
Seminar 509,Psychology Building,16
Lecture Hall 68,Biology Annex,258
Lecture Hall 54,Science Hall,186
Seminar 510,Law School,19
Lecture Hall 195,Education Hall,279
1-09,Music & Performing Arts,33
Lecture Hall 211,Athletics Complex,192
Lecture Hall 134,Science Hall,247
Lecture Hall 269,Art & Design Studios,276
2-22,Law School,34
1-28,Innovation Hub,39
6-25,Business Center,22
1-01,Data Science Institute,38
Studio S-16,Biology Annex,20
Seminar 264,Computer Science Building,13
Lab 7,Art & Design Studios,29
Seminar 518,Psychology Building,13
Seminar 327,Computer Science Building,22
Seminar 145,Law School,23
Seminar 261,Athletics Complex,11
1-07,Athletics Complex,30
Lecture Hall 286,Health Sciences Center,220
Lecture Hall 156,Engineering Center,210
Lab 59M,Data Science Institute,13
Seminar 269,Business Center,18
4-24,Medical Research Building,40
Lecture Hall 50,Education Hall,274
Lab 38U,Business Center,15
Lecture Hall 253,Science Hall,115
Lecture Hall 131,Health Sciences Center,236
Lab 16,Mathematics Tower,26
Lab 14,Mathematics Tower,30
Seminar 334,Chemistry Complex,20
Studio E-16,Law School,15
Lecture Hall 284,Innovation Hub,190
Seminar 573,Law School,18
2-09,Biology Annex,21
5-21,Psychology Building,34
Seminar 411,Psychology Building,24
Lab 51M,Business Center,26
Lecture Hall 212,Physics Pavilion,234
Lab 71,Innovation Hub,18
6-19,Mathematics Tower,39
2-12,Music & Performing Arts,34
3-08,Data Science Institute,42
Studio S-19,Music & Performing Arts,33
6-35,Health Sciences Center,27
Lecture Hall 268,Health Sciences Center,107
Seminar 174,Engineering Center,10
Lab 35F,Science Hall,20
Lab 70B,Physics Pavilion,26
6-15,Chemistry Complex,41
Seminar 221,Data Science Institute,18
1-25,Library West,30
3-04,Health Sciences Center,18
6-24,Humanities Hall,42
Studio W-7,Law School,21
Seminar 190,Library West,20
Lecture Hall 89,Computer Science Building,268
Lecture Hall 194,Innovation Hub,90
Lab 72,Health Sciences Center,17
Lab 1M,Law School,16
Lecture Hall 166,Science Hall,232
5-20,Science Hall,33
Studio N-3,Law School,25
Lab 24,Innovation Hub,28
Seminar 378,Biology Annex,18
Lecture Hall 179,Psychology Building,136
3-22,Mathematics Tower,29
Lab 80T,Library West,29
Lecture Hall 178,Engineering Center,194
5-16,Business Center,19
Seminar 568,Art & Design Studios,22
Seminar 231,Chemistry Complex,18
Lecture Hall 265,Library West,290
Studio T-15,Music & Performing Arts,30
Lab 25,Science Hall,15
Studio U-1,Biology Annex,35
Lab 28Z,Computer Science Building,15
Studio Q-3,Mathematics Tower,19
Seminar 467,Engineering Center,15
Lecture Hall 38,Science Hall,93
Lab 72,Biology Annex,20
Seminar 330,Health Sciences Center,20
Seminar 261,Psychology Building,10
1-35,Psychology Building,18
Lecture Hall 300,Medical Research Building,91
Lab 65D,Computer Science Building,21
Lecture Hall 145,Medical Research Building,275
Seminar 302,Education Hall,23
Seminar 180,Engineering Center,18
Lecture Hall 201,Business Center,283
Lab 19K,Data Science Institute,12
Studio E-4,Data Science Institute,16
5-26,Engineering Center,35
Lecture Hall 157,Data Science Institute,133
Lab 53,Music & Performing Arts,17
Lab 79,Biology Annex,15
5-04,Biology Annex,45
Seminar 430,Data Science Institute,18
Lab 9,Computer Science Building,18
Seminar 587,Law School,15
Lecture Hall 121,Music & Performing Arts,105
1-13,Library West,28
Seminar 268,Athletics Complex,19
2-24,Library West,43
Seminar 186,Art & Design Studios,10
Lab 29X,Art & Design Studios,20
Lecture Hall 170,Music & Performing Arts,202
Seminar 283,Education Hall,22
Seminar 382,Library West,11
5-06,Biology Annex,44
Lecture Hall 276,Humanities Hall,130
1-05,Humanities Hall,18
1-26,Innovation Hub,42
Lab 5U,Law School,29
Seminar 434,Data Science Institute,22
Lab 51H,Physics Pavilion,16
Studio T-3,Education Hall,27
Studio A-8,Music & Performing Arts,34
Studio E-15,Biology Annex,20
Seminar 580,Biology Annex,15
Lab 63,Science Hall,20
Lab 6,Music & Performing Arts,28
Seminar 340,Music & Performing Arts,24
Lecture Hall 21,Education Hall,246
Lecture Hall 267,Art & Design Studios,242
Lab 75,Humanities Hall,24
Lab 76,Psychology Building,28
Seminar 598,Humanities Hall,24
Studio P-12,Business Center,26
Seminar 554,Athletics Complex,19
Studio E-15,Engineering Center,20
Lecture Hall 264,Business Center,244
Lab 20,Humanities Hall,23
Lecture Hall 118,Medical Research Building,186
Lecture Hall 247,Art & Design Studios,252
Seminar 207,Athletics Complex,19
4-02,Biology Annex,25
2-09,Science Hall,38
Lecture Hall 29,Innovation Hub,122
Lecture Hall 265,Humanities Hall,183
6-02,Medical Research Building,41
Lecture Hall 111,Library West,194
Seminar 544,Medical Research Building,17
Lab 53,Biology Annex,30
6-33,Biology Annex,26
3-30,Biology Annex,37
Lecture Hall 118,Law School,176
Lecture Hall 56,Psychology Building,84
Studio T-14,Mathematics Tower,19
Lecture Hall 91,Medical Research Building,201
1-35,Medical Research Building,34
Lecture Hall 247,Chemistry Complex,248
5-01,Physics Pavilion,42
Studio Q-12,Health Sciences Center,16
Seminar 217,Innovation Hub,22
Seminar 279,Athletics Complex,19
Lecture Hall 218,Law School,114
Seminar 492,Humanities Hall,13
Lab 77U,Computer Science Building,20
Lecture Hall 4,Mathematics Tower,227
Lecture Hall 267,Innovation Hub,81
2-21,Psychology Building,31
Lecture Hall 80,Music & Performing Arts,189
Lab 34U,Law School,30
3-26,Music & Performing Arts,42
Seminar 382,Mathematics Tower,22
Seminar 191,Data Science Institute,15
Studio S-9,Data Science Institute,24
Lab 51,Law School,19
Lab 66P,Education Hall,29
Lecture Hall 200,Medical Research Building,242
Lecture Hall 75,Engineering Center,200
Seminar 145,Medical Research Building,11
Lab 48,Humanities Hall,24
6-34,Psychology Building,27
Lecture Hall 90,Medical Research Building,243
Seminar 105,Athletics Complex,13
Lab 25,Innovation Hub,17
Lab 31,Science Hall,17
Lab 52N,Computer Science Building,24
Lab 67,Law School,14
Lab 72V,Data Science Institute,23
Seminar 394,Humanities Hall,10
Lecture Hall 209,Humanities Hall,209
Studio C-17,Chemistry Complex,24
Lecture Hall 263,Art & Design Studios,145
3-29,Data Science Institute,30
Seminar 494,Law School,13
Seminar 448,Art & Design Studios,17
Lecture Hall 247,Law School,109
Lecture Hall 196,Humanities Hall,242
6-15,Business Center,43
Seminar 589,Art & Design Studios,15
Studio A-9,Innovation Hub,22
Lecture Hall 205,Library West,252
Lecture Hall 284,Art & Design Studios,125
Lab 46G,Athletics Complex,17
Seminar 477,Mathematics Tower,13
Lab 34,Business Center,18
3-10,Business Center,42
Lecture Hall 41,Chemistry Complex,253
1-35,Athletics Complex,19
Lab 80M,Athletics Complex,30
Seminar 193,Humanities Hall,22
Lab 51,Innovation Hub,13
Seminar 344,Innovation Hub,18
Studio N-13,Science Hall,20
Lecture Hall 266,Education Hall,197
Lecture Hall 7,Art & Design Studios,252
Seminar 397,Mathematics Tower,11
Lab 79,Art & Design Studios,29
Lab 35S,Humanities Hall,23
Seminar 317,Biology Annex,13
Lab 47P,Health Sciences Center,26
2-15,Biology Annex,44
Lab 31U,Chemistry Complex,24
Lecture Hall 77,Mathematics Tower,201
Lecture Hall 216,Engineering Center,207
5-35,Physics Pavilion,41
Seminar 253,Art & Design Studios,14
1-26,Data Science Institute,21
Lecture Hall 111,Biology Annex,288
Seminar 529,Humanities Hall,20
Seminar 481,Chemistry Complex,15
Lab 47U,Humanities Hall,23
Seminar 162,Engineering Center,15
Lab 74,Medical Research Building,21
Lab 66S,Music & Performing Arts,14
3-30,Psychology Building,38
Lecture Hall 173,Physics Pavilion,187
4-05,Medical Research Building,20
Lab 30M,Biology Annex,21
6-26,Humanities Hall,26
Lab 76T,Education Hall,25
Lecture Hall 12,Biology Annex,112
3-06,Business Center,24
Seminar 152,Biology Annex,11
Seminar 380,Computer Science Building,10
Seminar 368,Engineering Center,22
Lecture Hall 135,Computer Science Building,238
Lecture Hall 200,Physics Pavilion,159
Lab 37,Business Center,16
Lecture Hall 15,Innovation Hub,88
Lab 61R,Music & Performing Arts,29
Lecture Hall 277,Education Hall,125
4-28,Law School,34
Lab 45,Data Science Institute,14
Lab 47Q,Education Hall,16
Lecture Hall 1,Library West,213
Lab 37,Physics Pavilion,27
Lab 2Q,Athletics Complex,19
Studio N-7,Engineering Center,28
Seminar 302,Data Science Institute,13
4-25,Biology Annex,25
Lecture Hall 217,Humanities Hall,240
Studio W-9,Business Center,24
Lab 53,Data Science Institute,17
Lab 15X,Physics Pavilion,26
Lab 3,Humanities Hall,29
Lecture Hall 53,Engineering Center,152
Lecture Hall 225,Humanities Hall,266
Lab 12,Engineering Center,27
Lab 54K,Mathematics Tower,23
Lecture Hall 170,Education Hall,100
Lecture Hall 137,Physics Pavilion,278
Lecture Hall 279,Psychology Building,200
Lab 33,Biology Annex,15
Seminar 494,Business Center,17
Lecture Hall 102,Business Center,197
Studio Z-7,Chemistry Complex,30
3-21,Psychology Building,23
Studio T-4,Science Hall,23
3-13,Athletics Complex,29
2-08,Science Hall,25
Lab 2F,Health Sciences Center,30
Seminar 504,Chemistry Complex,13
Lecture Hall 298,Engineering Center,280
2-24,Athletics Complex,42
Lab 21,Computer Science Building,22
Lecture Hall 183,Science Hall,245
Studio D-5,Physics Pavilion,30
Lab 72X,Business Center,26
Lecture Hall 194,Mathematics Tower,171
Lab 6S,Physics Pavilion,29
Studio S-7,Library West,33
Studio N-11,Biology Annex,29
5-11,Humanities Hall,20
Lecture Hall 231,Innovation Hub,155
Studio N-15,Humanities Hall,15
Seminar 475,Innovation Hub,12
3-16,Engineering Center,28
5-25,Computer Science Building,24
4-10,Innovation Hub,37
Lab 53X,Library West,15
Studio Z-3,Chemistry Complex,16
Lecture Hall 17,Physics Pavilion,131
Seminar 198,Chemistry Complex,11
6-25,Science Hall,39
Studio W-19,Athletics Complex,23
Lab 29,Science Hall,12
Seminar 510,Mathematics Tower,20
Lab 72Q,Science Hall,13
Lab 68,Medical Research Building,21
Lab 67,Computer Science Building,19
Seminar 197,Data Science Institute,13
2-12,Innovation Hub,35
Seminar 482,Data Science Institute,11
Lab 59Z,Law School,15
Lecture Hall 282,Biology Annex,182
Lab 21U,Innovation Hub,23
Studio M-12,Art & Design Studios,28
Lab 78,Health Sciences Center,24
Lab 47R,Data Science Institute,24
Lecture Hall 146,Engineering Center,232
Studio E-10,Engineering Center,15
Lab 28,Library West,20
Studio U-19,Data Science Institute,33
Lecture Hall 20,Physics Pavilion,197
Lecture Hall 71,Music & Performing Arts,147
2-15,Music & Performing Arts,26
Lecture Hall 293,Library West,182
Lab 10M,Law School,17
1-20,Athletics Complex,19
Seminar 140,Law School,22
Lab 45Q,Science Hall,15
5-01,Business Center,38
Lecture Hall 157,Psychology Building,214
Lab 65,Science Hall,13
Seminar 485,Psychology Building,19
Studio C-8,Law School,28
Seminar 175,Library West,12
Lecture Hall 244,Art & Design Studios,226
Studio P-9,Science Hall,17
Studio Q-5,Psychology Building,19
Studio G-16,Athletics Complex,27
Lab 72,Law School,19
Lab 56,Computer Science Building,15
Seminar 287,Health Sciences Center,15
Lab 45,Mathematics Tower,21
Seminar 122,Biology Annex,24
Lab 48,Business Center,15
Lab 80E,Science Hall,12
Lecture Hall 157,Art & Design Studios,195
Lecture Hall 170,Athletics Complex,133
Lab 27U,Data Science Institute,29
6-10,Athletics Complex,40
Seminar 398,Engineering Center,24
Lecture Hall 131,Innovation Hub,123
Lab 26W,Science Hall,13
1-05,Education Hall,30
Lecture Hall 10,Humanities Hall,154
Lab 49,Psychology Building,22
5-06,Athletics Complex,23
Studio R-18,Mathematics Tower,15
Lab 68K,Science Hall,27
Lecture Hall 10,Psychology Building,168
Lab 39H,Music & Performing Arts,13
Seminar 555,Humanities Hall,23
Studio J-8,Engineering Center,19
Seminar 436,Art & Design Studios,12
Seminar 366,Computer Science Building,20
6-15,Medical Research Building,31
2-28,Business Center,27
Lab 58,Medical Research Building,18
5-13,Physics Pavilion,45
Lab 68E,Physics Pavilion,16
Lecture Hall 163,Law School,97
Studio D-6,Data Science Institute,25
Lecture Hall 164,Physics Pavilion,185
Lab 57X,Health Sciences Center,16
Lecture Hall 68,Mathematics Tower,127
5-18,Engineering Center,37
2-15,Law School,25
Lab 11,Engineering Center,28
Seminar 464,Medical Research Building,20
Lecture Hall 199,Music & Performing Arts,205
Lecture Hall 84,Athletics Complex,129
Lecture Hall 210,Business Center,275
Lab 9F,Engineering Center,27
Seminar 554,Art & Design Studios,13
Seminar 497,Health Sciences Center,10
Seminar 468,Medical Research Building,15
6-35,Psychology Building,34
Studio D-15,Science Hall,29
Lab 67U,Science Hall,13
Seminar 364,Data Science Institute,22
Lab 38R,Science Hall,21
Seminar 185,Library West,16
1-34,Library West,22
4-06,Education Hall,41
Lecture Hall 93,Innovation Hub,279
Studio E-13,Law School,28
Seminar 112,Art & Design Studios,12
6-13,Education Hall,32
Lab 42,Computer Science Building,15
Lecture Hall 231,Computer Science Building,242
Lecture Hall 269,Music & Performing Arts,261
Studio W-6,Psychology Building,27
Seminar 122,Data Science Institute,22
Lab 73,Biology Annex,17
Lecture Hall 27,Physics Pavilion,187
Lab 58,Library West,15
Lab 1W,Physics Pavilion,12
Seminar 537,Education Hall,17
Lecture Hall 253,Data Science Institute,140
6-31,Mathematics Tower,32
Seminar 140,Health Sciences Center,19
Lecture Hall 126,Medical Research Building,220
6-14,Humanities Hall,19
Lecture Hall 29,Biology Annex,247
Lecture Hall 75,Music & Performing Arts,298
Lab 12,Science Hall,25
Lecture Hall 146,Biology Annex,236
5-12,Medical Research Building,32
Lab 5C,Law School,22
Seminar 519,Music & Performing Arts,11
Studio C-10,Health Sciences Center,30
Lecture Hall 141,Physics Pavilion,164
Seminar 368,Innovation Hub,13
1-07,Mathematics Tower,36
Lecture Hall 248,Innovation Hub,265
Lab 55W,Medical Research Building,20
5-23,Innovation Hub,22
4-34,Medical Research Building,41
Seminar 513,Athletics Complex,12
Lab 38,Medical Research Building,15
Seminar 420,Engineering Center,22
Lab 79Q,Chemistry Complex,13
Lab 72,Art & Design Studios,12
Lab 33C,Mathematics Tower,21
Studio M-1,Innovation Hub,18
Lecture Hall 100,Art & Design Studios,164
4-31,Art & Design Studios,43
2-31,Science Hall,22
Studio M-15,Education Hall,28
Studio K-19,Science Hall,25
Studio A-7,Data Science Institute,33
Lab 9E,Art & Design Studios,12
Seminar 420,Art & Design Studios,18
5-25,Biology Annex,23
Lecture Hall 158,Medical Research Building,260
Lecture Hall 140,Art & Design Studios,185
Seminar 549,Computer Science Building,13
Seminar 524,Music & Performing Arts,14
Studio K-6,Mathematics Tower,18
Lecture Hall 104,Music & Performing Arts,103
Studio A-16,Education Hall,31
Lab 44S,Physics Pavilion,22
Lecture Hall 265,Physics Pavilion,253
Lab 5R,Physics Pavilion,28
Lecture Hall 160,Chemistry Complex,91
Seminar 555,Medical Research Building,10
Studio Z-10,Chemistry Complex,15
Lab 27,Law School,18
Lab 69M,Library West,15
Lecture Hall 81,Humanities Hall,150
Lecture Hall 287,Chemistry Complex,211
Lab 70N,Chemistry Complex,20
Lab 74,Physics Pavilion,14
3-35,Library West,32
Lecture Hall 15,Science Hall,200
Lecture Hall 197,Science Hall,93
Seminar 300,Computer Science Building,12
6-29,Medical Research Building,37
Lab 43,Music & Performing Arts,26
Lecture Hall 48,Law School,288
Lecture Hall 234,Education Hall,159
Seminar 218,Education Hall,13
3-24,Physics Pavilion,30
3-21,Biology Annex,32
Seminar 157,Athletics Complex,15
Seminar 533,Athletics Complex,12
Lab 78,Library West,28
Seminar 518,Chemistry Complex,21
Lab 69R,Chemistry Complex,30
Lab 80,Health Sciences Center,27
Lecture Hall 175,Psychology Building,133
Seminar 501,Law School,16
Lab 70,Law School,14
Seminar 158,Law School,19
Seminar 266,Medical Research Building,18
Seminar 190,Chemistry Complex,14
5-25,Psychology Building,28
6-04,Athletics Complex,20
Lecture Hall 298,Mathematics Tower,273
Lecture Hall 77,Engineering Center,195
Lab 50W,Data Science Institute,18
3-20,Mathematics Tower,36
Seminar 467,Library West,24
Lecture Hall 299,Music & Performing Arts,82
Studio P-5,Medical Research Building,24
Lab 71,Science Hall,29
Lecture Hall 145,Music & Performing Arts,87
Seminar 459,Business Center,19
3-25,Psychology Building,30
Seminar 379,Psychology Building,13
Seminar 171,Biology Annex,13
Seminar 531,Data Science Institute,24
Seminar 178,Music & Performing Arts,14
Lecture Hall 6,Physics Pavilion,98
Lecture Hall 250,Engineering Center,248
Lecture Hall 44,Health Sciences Center,115
Seminar 557,Health Sciences Center,22
Seminar 419,Medical Research Building,12
Seminar 296,Education Hall,15
Lecture Hall 218,Business Center,234
4-16,Engineering Center,40
Lab 53U,Innovation Hub,13
4-24,Science Hall,21
Seminar 592,Law School,21
Lecture Hall 270,Computer Science Building,299
Seminar 364,Humanities Hall,11
1-16,Innovation Hub,33
6-35,Computer Science Building,43
Lab 79B,Law School,29
Seminar 332,Engineering Center,18
6-22,Athletics Complex,31
Lab 38,Music & Performing Arts,21
Lab 8X,Law School,30
Seminar 142,Biology Annex,12
Lecture Hall 143,Innovation Hub,144
3-18,Physics Pavilion,45
Lecture Hall 58,Humanities Hall,234
6-10,Biology Annex,39
Lab 23,Education Hall,27
Studio B-11,Biology Annex,17
2-32,Physics Pavilion,42
Seminar 221,Health Sciences Center,20
2-14,Education Hall,36
Lecture Hall 136,Music & Performing Arts,273
Lecture Hall 86,Chemistry Complex,198
Seminar 482,Psychology Building,22
Lab 49Z,Data Science Institute,27
Lecture Hall 272,Humanities Hall,191
Lab 58P,Engineering Center,28
Lecture Hall 273,Science Hall,243
Seminar 412,Music & Performing Arts,24
Lab 35,Humanities Hall,20
Seminar 336,Law School,22
5-13,Business Center,34
6-12,Art & Design Studios,28
Lecture Hall 5,Data Science Institute,292
Lecture Hall 211,Computer Science Building,105
Lecture Hall 229,Innovation Hub,169
Lab 33,Business Center,12
Lecture Hall 30,Medical Research Building,232
6-08,Mathematics Tower,40
Lecture Hall 67,Chemistry Complex,176
Lecture Hall 57,Law School,258
Lab 38,Biology Annex,26
Seminar 454,Humanities Hall,24
Lab 21C,Art & Design Studios,13
Seminar 270,Psychology Building,10
Lab 23,Humanities Hall,27
4-12,Mathematics Tower,38
Lecture Hall 74,Athletics Complex,218
Lab 79,Health Sciences Center,26
Lecture Hall 18,Humanities Hall,98
6-17,Computer Science Building,42
